Avg. Session Length,Time on App,Time on Website,Length of Membership,Yearly Amount Spent
33.444282768510305,12.64232100385856,40.08278606303808,2.8727005942368127,127.44295931340773
35.43902209098065,11.604778700134235,40.49841791476297,5.75357153204958,296.15979749176086
34.235550989641865,12.64972031376154,38.05120663850523,4.659969709057025,223.52169851143293
32.250025247638874,13.219573938641199,36.79453140744611,3.993292420985183,199.37557563169358
31.832060927247134,12.9025303993171,38.73595542870259,1.7800932022121825,99.93034507068312
33.639494922958455,12.558001434218028,36.91565540839663,1.7799726016810133,89.12707548026941
31.283696830873165,13.173342158548069,41.221419596042594,1.2904180608409974,55.79318523151849
35.38089639561066,13.28622514949024,38.21845652973238,5.330880728874676,264.35184036521713
34.53327215693767,13.52037489014128,37.41548551790063,4.005575058716044,198.5114937516955
32.390071652263885,12.713580876348606,38.29548848938386,4.540362888980227,219.61792385136883
30.77292511218186,11.816170111651461,35.844597936752486,1.1029224714790122,49.970202320608564
34.76003408641504,12.161385055076655,36.445417538382955,5.8495492608099715,324.4504064505929
32.851098201171595,13.327159863159192,39.92066225271108,5.162213204002109,269.3290491589302
34.6091612055655,11.10137076191404,36.94896915364577,2.061695553391381,97.17517130898584
30.927244043567324,12.405540639760192,36.3249424277089,1.909124836035503,109.39532989198986
32.2208124701601,11.567327306439903,38.85864440404366,1.917022549267169,89.17473766823825
33.00681680963364,12.031619305228299,39.897126647460794,2.5212112147976886,149.52305349161725
33.06107477189416,13.406297048868028,39.15032529706411,3.6237821581611893,188.58195175202135
32.41491488707698,12.210208974821894,39.593676297289306,3.1597250932105787,155.84021178044438
33.80970491205175,12.051080202971765,36.789127858288865,2.4561457009902097,131.76162356571604
31.612093441802628,10.504158244922088,35.72510293321305,4.059264473611897,171.5457006392249
32.81490666947232,12.820878922629943,40.40213384312878,1.6974693032602093,62.33811578481436
33.15638432122547,12.710032599255182,37.48371225785258,2.4607232426760905,99.15766200582341
33.66877048427637,14.379580195636006,37.59866717367193,2.8318092164684585,144.44932271869706
33.925099341515555,11.661443941551699,40.125110626958495,3.28034992108518,198.66779604396083
31.53796528061077,12.241065360430333,38.889968015041056,4.925879806965068,290.91999327210607
31.00565157804369,12.27432205208183,38.729420435330574,1.9983689107917986,112.67946756840507
34.66097986846806,13.735198607739822,41.46400375184174,3.571172192068058,188.57549910229204
33.43200821557347,11.895174914374353,36.97037083139177,3.9620728443102124,162.08248753245584
32.02696750247648,12.306923678347372,39.48454420492998,1.2322520635999887,50.759127185319
35.01649756817928,12.668686160688193,38.091220999835336,4.037724259507192,186.1305379371948
33.15037702458071,12.205270035471994,38.42974764618121,1.8526206184364575,80.21407895680056
34.533086339282974,11.508923023994418,40.44554948226005,1.3252579649263976,62.90002187462409
33.08777402583314,12.21349899218814,38.8125372100634,5.7444276862666666,277.77957275939076
35.67897230234658,13.180994924845749,38.86127372647941,5.828160165372797,251.82201206112407
35.28194309517617,10.870833170647833,39.71601173969568,5.041986740582305,267.05754215146595
32.676346606977205,12.146266641561564,37.416075632731385,2.5230688458668533,104.69858177854653
34.263042236240665,11.22986710356691,36.65726453225759,1.4883605700319193,79.20296578381897
33.83898873446069,13.314551291817327,36.328305289566345,4.421165132560784,262.53991002303866
34.77922102479205,10.324494404737848,34.8538294569984,3.2007624686980067,141.65043160317188
31.745599501245863,11.385185968001252,41.28993140790452,1.6101911742238941,29.903808256268107
33.89186689799797,12.414933062570974,36.23486661484531,3.475884550556351,168.07414309021533
34.37595183290446,13.722076432157774,37.64599420226276,1.171942605576092,80.61632297877603
30.713638667649953,11.927674712819714,37.55709872017773,5.546602010393911,316.4970496041074
31.461763933534492,11.389280520637481,38.49185071649456,2.2938999080000846,90.10400351095589
30.34899816891187,14.069272776384649,39.30517954006287,4.31261142176991,225.56455555322594
32.64977111522207,10.40718470954213,39.37675758137559,2.558555380447055,118.62155988675168
33.93280493253475,9.58131344771791,37.0670760982897,3.600340105889054,177.89803820837
34.95306416772484,12.484015895058665,37.73260525794174,3.7335513967163982,239.56443677616062
33.096323214545706,11.447740353212128,38.45212792078128,1.9242722776276353,66.1542073134787
35.11720020924268,10.876643901156216,37.60209419810632,5.847923138822793,297.4709501710312
31.20586810432064,12.77919209202929,40.57175292163199,4.875664116805573,253.1370692755873
30.7856028288383,12.268180785148319,38.785559922621204,5.697494707820946,306.5904618898342
32.92778799143439,11.379513506189598,39.17580445767971,5.474136752138244,275.6665006763301
33.499285083621096,10.591665161462016,39.06061002986786,3.9894998940554256,205.63600549285334
32.95749682747768,12.95970306110816,39.87755817197652,5.609371175115584,272.6355874073434
30.31232526994816,12.715221295754526,38.28963449392593,1.4424625102595976,77.50566433788202
32.88414394863337,11.89090654984268,35.92506888327065,1.979914312095726,92.1318700948381
31.30418964934369,14.031300695652433,38.63950072280423,1.2261364445526903,73.73826002475553
33.87057431347905,10.822906757041231,36.957828969933075,2.626651653816322,123.9403759699434
33.476577719925906,10.321922311982787,37.15421330920039,2.94338644844741,154.71133030041423
31.77815627777444,11.238901123130631,38.93818243000815,2.3567451588694794,117.2520016697744
32.331973007462295,11.949855382008952,39.98125291429382,5.143687545759647,279.7053823034257
31.623022421544363,12.267673394254961,38.0340345227777,2.7837666334679465,138.1604572016276
32.91851717354488,11.734640336358037,38.49413282015834,2.4046725484369036,84.77297805770755
34.24168501665161,12.387260936165726,40.72354391141638,3.7134804157912424,210.91245080384195
31.718556139763795,10.623306633390511,38.38520508718171,1.7046211248738132,67.11641022643828
33.6552604701732,13.588141064480585,42.16269298268863,5.010984903770199,237.47391841553355
32.31066509611583,11.909633703768174,38.90481543301047,1.372753218398854,56.72443503907286
31.96926531805895,13.22902541474694,35.182779585350694,5.9344346830025865,324.2104960135457
32.86086053205908,12.376997881015475,39.20534659376725,4.861223846483287,200.34770804459043
31.654184980854815,12.502428541069163,38.609853415812445,1.993578407670862,162.433891056743
32.28025590304866,12.626744008255425,40.06360440653239,1.027610585618012,72.50166546222164
31.442758739634495,12.492479416019046,39.077090162031936,5.0773071422741705,258.3301353962917
35.55414267279131,12.706995035854298,37.77847042562596,4.534286719238086,225.61645594957855
33.045842617563245,13.462067783145674,36.041122821937016,4.645035840204937,237.9628735074
32.09035683960964,12.216173286671618,37.665562788342356,4.856351733429729,253.2400352390732
33.27817388395449,12.779904133347364,36.63916727326512,1.370223258670452,81.41547465252374
32.85397353540192,11.90129073628405,37.071162480312445,2.792328642721363,150.72852145613714
32.71273952060681,13.58412893699442,38.941725447072976,1.5793452976256486,80.7588785063874
33.79841671005645,11.255968467734803,40.67184720696225,5.315517129377968,261.82908806275185
33.9847600230615,13.981034476201897,38.63147444771677,4.11649063413779,202.79906603381926
32.310348508106316,11.955826254291223,36.08658710074371,2.654490124263246,128.8263406061087
32.251436287161916,10.426147387670147,38.71136426915223,1.3177917514301183,88.5649895088472
32.64243279370286,12.140914856401869,39.91461037863304,2.554911608578311,139.6167148745328
30.00750248584374,11.25084317677763,37.02434735308899,2.6259166101337352,72.48805781340116
31.030251619141882,12.924707903887597,37.78557253332333,4.64803089169032,245.51956011511123
34.776936547677884,11.282113622767369,38.023501111566716,4.187787356776066,213.28409173317877
35.13845802755167,11.509198223463743,36.74416269906842,5.436063712881633,271.42901051516367
32.676253148576706,9.921505195959917,39.03724869415017,3.3610746258097466,160.2833622287096
33.74952405197249,11.502463048826016,37.80648296222755,1.5979712296915085,102.38081588429569
33.404625200906594,9.333732740708147,38.67125191025124,4.566223936114975,247.2617260482059
37.00254505099181,10.257706894165704,36.58001251551664,4.803925243084487,224.7387087977522
34.45544738486495,12.836456121758728,37.300066719482544,3.8063859878474813,198.46034513486475
32.833707131075,12.864380174515915,39.15581017252443,4.854835899772805,223.30866029781455
31.757797427219447,12.468003317963461,37.403466956653176,3.4689779818219537,145.85653579531908
30.911619783665156,10.936326242557865,40.76314216197345,3.6136641469099704,168.1488628536992
33.26450272662739,11.947517508243822,37.36058210301664,3.137705091792748,174.1331240372926
32.01674403113041,11.996037207000375,38.35949556120302,1.1270956337204758,75.41728259354552
31.151070177523025,10.725798841888203,39.49214533099694,1.5394571349665223,87.23456515027198
32.15945525048472,13.653738131943866,35.73061482730715,1.1571459284336711,72.3592121586435
31.593987595301286,12.965098519633239,35.18270590083076,4.182052056318902,219.42616855824426
35.19328412559433,11.75693940878737,35.55894989668785,2.5717799053816335,115.75936336462262
34.14613168403429,12.029574422893983,40.02013456548349,3.542853455823514,185.78112368465452
32.9896355662884,12.229221088742309,37.117026966572084,5.537832369630465,292.89980898607683
34.92392738055703,9.754091644733279,42.0931188570692,2.246461145744375,127.40888388349023
33.10057879994191,11.728104879227343,37.097203842148176,3.0519146151781484,176.37399818840026
31.880330538273256,11.249817327202422,38.29528208511526,4.777755692715243,253.05386157978344
34.98006130045056,10.898217989115594,40.4673759241086,2.1439908274581123,114.22850552373727
33.70058305679006,11.69078967782545,41.209748621054594,1.3848995491439648,90.6479822235268
31.651579999375606,13.977455179534475,41.298405722618234,2.4487572645688402,121.90743804346081
32.75255971849131,12.704927147393711,39.933385968949025,1.806106436270022,72.66782878894675
31.861696270599815,11.371703111238924,39.63850004129834,5.648488261712865,279.163073806768
31.202360349746364,12.629841059491774,38.94804311872189,5.040601897822085,237.13204199497525
34.204030811791135,13.539290980244603,39.24537772186662,4.167018782552118,194.84737362811828
35.48224163261117,13.017097051204045,37.11810285387435,5.357302950938589,264.9747741326191
31.181862154035116,12.06559340691219,36.69088178652431,5.018360384495573,235.0696208047794
33.73186000769774,11.288369544523869,37.99460086814248,1.932850294430179,90.48328412872816
32.154164660141625,12.768045644974949,37.72770460396011,5.462794992449889,235.2674562834187
32.366737001105896,12.432833923963925,37.27483512107636,3.6967112095782535,189.10143462637143
32.22988789848947,12.984712542030506,39.11421991593075,5.037200775820312,251.8841482982601
31.87681199941624,12.698688981850166,39.528488333712815,5.480456499617466,257.68105235950947
33.06307811632828,13.154507986851268,38.14145101806695,2.590017374859319,142.68578211161406
31.91976484866565,11.411241267283375,40.36404812968842,1.5502596226383838,96.26438388445035
33.35159387351379,13.449133472197758,36.173297417386394,2.1396758127097084,74.83259334810595
32.93469045771612,12.21735956516164,37.69014486515245,3.1355389431312815,141.52245158523976
32.689367539073665,14.282786959887792,36.853084287035514,5.090073829612465,239.1208444848773
31.820167239345924,11.241893400101475,35.013541412683104,5.303652916281717,246.38458379190854
32.25019727026117,13.909560183481775,37.86771090265168,1.0347606526559536,68.32752947143265
33.98200859357348,12.217701861808912,37.80520398658675,3.553736512887829,173.81030286893537
33.651192343911696,11.283440196024106,40.42151958918741,3.087055015743895,149.0624539609825
31.729178181761885,11.467725582540247,39.00929869528765,2.1105390523536514,65.4497053295475
33.129131997057996,11.647617960986247,36.36130108107327,1.5993268366684141,92.67470243760522
33.97680326038333,12.466582541042108,40.9665481061347,2.6880758570181396,109.61862495383753
30.829773134542215,12.57511903683905,39.953653912840565,5.714548519562596,286.9260785834564
33.70636825009392,11.368929995667562,38.931356325549785,2.616014660103776,136.34827176435263
32.1385891133704,11.973209948512919,37.63762544184027,3.5939531087168306,206.91082735261455
33.74177826917111,14.35649739447305,36.46489722124243,4.515094794475889,199.5783317414122
32.00776309649473,13.900297487110782,37.40446915828632,2.81814801189647,80.51715747840697
30.653653269136125,12.479956036641436,39.7419977915267,5.858910413604804,296.6225115753141
30.884194830751888,12.04180382598502,41.01533808949537,5.812236474710556,326.62204736574483
33.0625104306598,12.132034459390088,40.4691896452355,2.2589114791268208,137.7245010151298
33.33763925223793,12.674869770003458,37.217840925141964,3.4862425294619275,178.5053147785889
31.82438838736427,10.874928178281754,36.20861210673758,2.504391549083848,115.38685374155146
33.830170196410585,11.71688580883432,38.225417995057924,2.4242024718873383,137.35257552711312
30.840023919050353,10.164557518734652,35.170497015099436,1.184434736772664,39.75081284454383
32.91409626175849,12.439145434865807,38.51706834269565,4.047821669899484,211.91823888209862
31.425678940308806,12.711915533673015,37.76383586192213,3.5133951161443076,185.77915899054793
32.152613059857195,11.468494891470689,37.254341597010814,1.2573937562499466,84.07388596247493
33.061618272711335,13.731385439619036,35.44847509237313,2.3932323211830573,174.85481683737441
31.88146262513086,10.651657770697424,38.821760170511546,5.541329429833269,284.91479083523876
32.50007779250123,10.389187631769197,37.14767865654094,2.197809453334862,99.71120015259312
34.30818065197877,12.24689700041597,36.12813306286354,1.7244743604561155,85.71223177896589
32.250040569619905,13.15180813287337,33.40438045874936,3.447263801387815,136.9816719716084
34.08639974568469,13.852320460603655,37.95597615191898,5.928252270553004,282.51835090586906
31.531381088945096,11.495227310844166,40.83560255467159,2.210276357557502,102.32816911561304
33.68874543128987,13.186548916774425,40.658014743276595,4.360677737029393,207.5521188927778
34.87403920685527,11.957640683549222,37.268645989461966,4.808098076643588,243.4520012728538
29.786862149834523,11.810109970065099,37.03646070342115,2.1881877199619986,92.96098735045592
31.96403616788838,12.97202593123534,38.75003880972004,4.641081743059297,254.47470049945431
33.7501937653347,12.717555166254762,36.40258329729873,2.838915663596266,141.94992447817725
32.73604099814411,10.265968627317326,38.482867039711145,4.161529152967898,207.8904512256226
33.4824896353827,13.624194384698486,39.225728445415506,4.167648553804474,201.82453335996533
32.21481925726943,13.518100489562197,39.96309315821489,3.6788734203737925,187.0474846958692
33.11256672371477,11.311881028339517,37.83975347763207,1.4514488502720415,89.07440780695477
32.7976195939903,12.43538388678115,37.67412199971685,5.17651247794619,241.48301958309145
34.518116680157746,12.543433204911013,36.5952278611895,2.603900324858679,117.03268646142881
33.330747096291574,12.286741142406298,36.67699143353622,1.9325925519992713,90.55510702443027
33.43888346069776,11.394664330770038,37.63763377295756,1.2038757077738196,33.276366919226675
32.46455994404079,11.261214295268143,38.58778481090589,3.954464715941209,181.3380786026305
32.36611190870576,11.97189052190941,39.4617354019732,4.387821809211412,209.86667298967743
32.437674355834496,13.2900019211853,36.71491367891145,1.0829391446392806,71.63474084621858
33.51278778509179,12.597960170053875,40.388301710335234,3.560465291496405,183.27449115485874
32.45272017493366,11.592324234705284,37.56620223833189,2.1324788759896895,110.49574202683537
33.37670731396533,12.848868581713178,37.9658123290425,4.225863952047249,228.31115684572194
35.69802103823907,8.866603117306916,36.80446131336348,1.8718321450249573,90.84417148325993
34.1324621144612,13.263642270409314,34.12121558356329,4.45468869051233,230.5437315241943
32.576169408181805,10.086314843344091,39.41447263417768,2.933676731502687,144.61940151648443
34.56157809881313,11.601314964456554,39.17895023534789,5.6836499436836725,289.4897441721762
32.46950201507198,10.768363115911242,37.54987590861086,1.6876047207299663,72.72506288426668
30.35043810426879,10.575850376707004,38.1071851475598,2.7053317552512928,86.49024459703605
31.689487795807374,13.276909466116372,38.82550274832656,1.5673676062029454,75.68279706642119
30.567970502666387,11.48552867855692,35.499926628981534,5.623468091392814,309.6283672916395
32.5430324707463,12.381154269903787,37.15351571624593,5.386696766904905,287.85914639007706
33.02394389294642,11.948387363232898,39.27082348739492,2.289708138575778,133.79335662061231
35.17936850595787,12.524744909945433,35.9931369229292,4.299920230170895,239.7186259446691
33.42500558589341,12.084504080166282,38.469692691466605,5.0861110010060795,256.0787018695327
32.715169312548475,10.588708553392573,35.82946911260255,3.7760040579973118,192.7465170479775
34.078227255538536,13.095893501391854,38.74628797189364,3.6482528917800323,170.0596066803146
30.12552409828975,11.456867758522556,37.942973628324026,2.2092614545022586,104.14161560457194
33.306298925541135,10.287759911474273,35.41578909455119,1.4655138390294962,85.59111494689765
34.00212475205306,11.529073322937496,39.86358296713147,5.486078789766633,298.38162823170796
31.077837880486207,13.650835769697743,36.82465347712312,5.502090285816652,272.3155887772126
34.48688025616901,12.935243916324842,36.70359610077699,4.16550728636634,199.27157902128877
33.44004532974274,11.616482652151355,38.32091071556951,2.6951489552435035,134.7680069393071
32.46012571192896,11.615816525249729,39.837819759085946,2.7460478730633042,149.32652863174752
33.82261642593817,11.646201443660878,36.37468508963457,4.629778394351197,202.611823394889
35.95190071514571,14.284422781916925,38.09868775975676,5.485551299762886,228.3539459253995
33.236426131576046,12.420128997454709,38.686106400528914,5.4354321213255865,260.76086907644765
33.322686762190436,12.473045811910177,39.10896897162103,4.899377729288119,220.5546379461228
32.40283083059768,13.133311799435027,38.28230648844356,4.210158230771439,200.34510758562575
31.89520231969577,12.262668074929165,37.41275545746669,1.420699824975244,68.07938487241276
34.07943656150752,11.715053639597226,36.67585564696205,1.8081435704730688,81.34221034319317
31.887091026318473,11.784015166006524,38.1378302128742,5.492770942635397,303.6878978211847
33.09303610838521,11.92123861464453,36.284577580823026,4.03214529829795,208.14216020694388
32.379045319205346,11.959055539839174,33.325839226408625,1.0459852580831481,58.30875009637398
33.62267377347031,12.800392498000678,38.698495686652265,1.5073577143301606,87.81202859737607
33.43376073687303,12.05714047438803,39.44629574573791,4.317508845540279,193.09877992139857
34.34880192753527,12.805904084937136,34.21930810313306,1.0253079192310934,72.04763170996004
32.33697868148883,11.91121176188056,36.3844308724641,1.8040402570874932,88.68672712366546
32.64916258411862,12.0864987093477,38.990646817608315,3.7436689468329307,200.59305968647078
31.727607169483,9.801979247014682,41.291992751538714,4.459475988463466,201.53665476237018
32.422418761901056,13.00796044217273,38.03326993228065,4.259806297513003,181.91513955532886
33.490490640958306,12.381137323487792,36.83519529403338,2.121346547302799,122.42512052564052
33.984085201638955,13.097811120845618,37.70736569423226,4.56089610673768,235.57299585883433
31.801185078569087,8.814119083986942,40.19980227063709,2.1862454374840006,91.27124078704983
34.13048769613736,14.2972121752588,36.966457313400745,2.6269984907963386,113.95666291432303
34.76232921644644,11.846451409029308,36.721292789359595,4.73245702559012,259.1315469678014
33.53746537419081,13.219001098411269,37.22761036450875,4.2481644952360735,188.6199869044571
35.439834556325486,10.856103480161917,36.47467422678606,5.24611705247089,295.1593116886637
31.994074041165355,12.674051295568827,38.19627250559167,4.288064461501717,196.39080838212848
31.38194888569516,10.841242880508979,40.599485533551295,3.841543016677358,204.84498934603556
30.68766367642444,11.313854143234614,38.51692683698565,1.4683738391404624,66.84632244204342
34.94485760493594,14.105434489253465,37.59623439659794,2.8385790152971677,153.99269938650525
33.85067535326027,11.790249359160319,37.53310196973513,2.3260118384086272,105.4183118781475
32.92773992781641,12.239176160497696,35.49889470608535,2.2199482168954177,107.741552723325
33.36395921421577,12.95707450375763,39.41297564343545,5.865052773762228,294.0710221960258
31.53686423851211,12.545250076769864,37.875460484779516,2.965488623333802,128.23068205106065
36.17947757350188,12.165460795657934,37.711232138255,5.460232775885567,287.82812570268084
33.16798753656779,12.401457102712849,43.108972108551775,4.1556931299863145,197.52038516988404
33.14221323298636,14.643757143762102,38.4780046533851,4.974056517708242,244.13082757861173
33.9434966110683,11.936619323263056,36.79713431984771,3.5131854655259604,155.77228578412777
33.625312001257726,12.221208951386464,37.31782784607113,3.8845194231317954,142.97929798068355
33.29104923156287,13.155719835608373,39.83751313471481,3.4625884690943196,169.3088682027126
31.972383207921094,13.216078526253781,38.18123265686042,1.9762149389902226,147.06305538176946
33.6129088642768,13.305733336116418,35.698755234692214,4.612260576307527,246.30511457333685
35.44663184541754,12.702603244232103,39.470766295320324,2.403861812204279,119.80788301552604
34.74904606000147,10.742694595996468,36.93096946313761,1.1215798321572692,50.8211750236981
35.07114261463121,13.796774685531206,40.997276441948074,4.227361479535839,211.81739183303287
32.335419620639456,10.739020067679443,39.72807690514344,1.8855533970352447,105.22005215526644
31.713513733663845,12.332899011762937,37.284284966946,5.702292921764571,261.4983897820516
32.836477003870456,11.170296564978706,40.04962617877618,5.769642885012937,310.7685781440243
33.0724423859753,11.929447818747708,38.10856881684384,5.574321951102243,293.023723863937
34.422448974012234,12.361638651333829,39.36443788019555,2.850793501277222,156.90338957801978
30.799795981370735,12.3534929369953,38.77557250767116,1.0772830826443371,62.6336689084114
34.988415415298796,12.464112829658813,36.6458293520146,5.641592812938627,282.47197380081116
32.79458973184732,13.775082395964512,36.97032026829206,3.1409207415865716,170.503261798665
32.44505460906836,12.498887731665377,39.647937308129855,5.833274095218348,303.49998743574497
31.684264312161783,11.731427701180287,37.46435946862953,5.818099885446264,283.82418005349274
30.8486863265745,13.060495885117193,37.35416245881281,5.265047277336801,251.780328408902
34.07012175915049,13.308417537817105,36.47180387304103,2.4722444603479286,125.64934892263616
33.09531335734493,10.649631403349309,38.67775850494954,2.9254886430096265,177.25483518038507
31.32305083033663,12.657140076834844,41.300039870789035,5.255683357584284,238.00202636613622
31.316397596317298,12.771290016541988,36.291947337193164,2.584610025781388,99.87999597402063
32.563479890922835,11.672680146304009,38.03875113067641,1.8474637334304624,95.66840349625345
35.16972798287621,13.513277494642782,40.259552888664686,3.784006312291751,190.2180696517079
32.66253124322731,11.834938854264221,37.87257377400685,5.680773870803905,287.50552682760343
31.045914160946463,12.138134098818696,38.72379487399957,4.480148983374865,228.88651312691326
32.68053401668827,11.809620993287744,36.30017035496499,3.8503058504468246,188.05124742964514
32.64545935932803,12.017136952339614,38.685291355532236,1.4858824688538426,104.09139221473377
29.494047364175955,10.794097404415279,37.70056917599272,4.075036133495849,171.73372710526212
32.929416673526845,10.415944029146276,39.577167993087784,5.950269250521316,280.94352203046094
32.69978511072872,13.75395556954747,39.8998176825036,1.70042007618262,82.95590860615006
33.905068274257445,11.068342516849839,42.143301827229784,3.591648261818684,146.71863686785082
35.40364292342895,10.909468415598063,38.92741307714172,5.386865359639777,265.82617989334744
34.46453453841208,9.631270875035913,38.521274106531465,4.703843088771022,268.4215577531115
32.65044470227872,11.297142077541547,38.311014882523736,4.48507870497634,224.67166501473625
31.561516318635828,10.544601227251752,37.4349339315029,4.512420419935546,230.235039111151
36.345367744224816,13.806216676150006,38.541574149538704,2.797455756098776,114.66949250148718
33.07698396421883,13.110798798276898,37.52735774377755,2.4679592213224666,111.07073290533378
33.01810807948683,11.243034620304504,38.26953756203138,5.046805777392568,244.83636126314968
32.968637386756996,14.47767938587874,40.10815605697274,5.050566973395904,246.17404673467053
33.25751018899821,13.079942035690754,36.38953189555257,5.335361592900519,292.4009555451013
32.812331464498875,11.642685478140516,39.82380569780647,5.566202762782357,289.46395935362034
32.25423939105569,9.25065371363907,40.10738410774378,3.556711994304689,155.6064405764938
32.28908337638749,14.520036829849817,37.811090356814276,3.507581473435998,180.30916924044
32.9574207487192,10.471470286560045,34.60503216158625,4.991475894833876,259.5382297116295
32.2935477975261,10.19006137834742,37.02748482064891,4.249819653888826,235.29396346486664
32.073300482519684,13.124827475210605,40.075191274497776,4.509834386288517,257.10253304579334
33.138359295999464,14.6837276469732,37.963411100321785,4.978963347180505,228.64628352246788
32.66852961735289,13.52270010036157,36.401116428328145,5.450026709087831,256.2841852301848
34.95519088515749,12.620300032057596,37.19236012603485,2.689975784257679,109.34723203459161
29.553739249089084,12.654229775831814,39.344992042407284,2.87791476319972,139.21534097784638
34.4189589074992,12.938757114658339,38.87477370912221,1.469909699204345,82.82265244914394
34.619910750246916,12.834821448765442,37.61770864132849,3.89140070498087,214.31672558082556
30.304592697869406,12.309310566366314,37.4130809410965,1.1797113689837104,57.466547976335065
32.55450612769555,12.114621214347064,37.37318696152988,3.3279900906623006,160.00255406801813
32.51712687420547,11.931147559310526,36.5241437048024,3.713223173537883,188.69631852186893
31.170234796866833,11.170638952246655,40.58460110315111,2.432706260641422,104.93245499947064
31.98883830613186,11.691257415446549,37.484287249261854,3.9541663028450538,239.49908957614815
31.55625140089442,10.137747504385075,39.94745363332079,1.1525012496952471,25.471841942401184
35.27795157645071,11.891826410525775,40.43410568307592,1.186740943746072,63.03185876521809
34.2163819110917,10.91254978213399,39.59729743703674,5.113002803298292,296.12226454950735
34.65302162349241,10.786051751062653,37.30940749965112,2.8009532070563146,140.1836572440157
33.9381736832562,12.197883566268827,38.64596814453858,1.6353025632594238,77.9643474629413
31.5322326974176,13.531202514979059,37.96128702977453,3.611216300274022,173.41190655749256
32.318123653836295,13.010148266602544,36.5540770228318,4.849967765493054,238.89055463940454
33.63618692959629,10.272449336014505,38.51897485075457,2.0791051374842158,131.4122263677414
31.41123384844047,10.91140904977263,36.113536334144314,4.114452379095001,161.4853807281599
33.92689795922411,13.034848306787037,39.9002870215385,1.42673732496884,102.0055402743685
32.687576982394425,10.91926386710786,37.256612324322575,1.2584086058430386,34.44128724314903
32.51273295018552,11.752903535003274,38.321855449396544,3.65677315784074,177.5056113073487
33.92424795866454,12.605057308927007,38.453260594473825,3.7031756080505325,176.57389199655339
33.57754230493185,10.934821099650001,37.58575204207347,4.187149507491033,221.12854076996604
32.5307439844352,12.115913056760556,38.93871008236044,4.6304566686133075,199.56034639299043
34.507128744373524,10.532571955589976,37.24015414940396,5.879260397312673,303.20647318727254
31.594617674120133,11.338495591653665,39.39407567593159,3.5815017415059764,219.56127954103587
33.80071628902754,12.35176012755679,35.8464325116052,2.6147823647062296,103.47563814345527
33.7710316353589,10.247706893115163,38.20220732727426,4.975930973843518,252.5906720443838
32.59758962889181,12.484522211756438,41.102286398493256,2.354161256310371,104.46841925958638
33.42397292891475,11.97839842118065,36.39946988063108,3.1948571035281805,168.26059930026975
31.373552350699107,12.607738949858863,36.91560804716024,1.3922819067113297,69.99705088388153
34.201235124968974,12.246305547471128,38.82225255945426,1.1267537170772877,43.50794767297819
32.75962722262411,13.50055447297123,38.287330851103356,5.813242073389626,300.41954936690274
32.32046007332525,12.137746952912698,38.561008158837694,5.1799006025610295,295.0819923237864
34.363711993587955,11.527653904762222,38.78269940823626,4.47987103046849,220.17547568887855
32.084353202294416,12.134527253335513,39.01555434969883,3.044764722071349,166.6333949465311
31.169000314727374,12.597627831940027,39.775519747129955,1.8664716003542288,67.45812086028816
30.976382074418925,12.053746077358275,38.65570985108562,1.7821852133554303,69.98053313141135
33.78781293674933,12.044650860324271,37.613987752610335,2.2512144908229765,122.00885009875637
31.335441841754832,11.22780914341257,39.07611792192437,3.7461333235306022,216.9889867472494
35.28123243657967,11.270808990693958,41.03981109583235,4.572979613500312,235.7612476507288
30.29349176975116,10.457134201020336,37.78778600578788,4.300986883588656,208.7881835689697
35.20539327877705,13.924534417505633,36.44075311252698,2.3996694847297144,119.9693023449528
33.2743227073634,10.631750441069586,39.77132907085915,5.77432640331597,263.70816548640414
32.87427295456849,11.237804282424502,37.80739013767424,4.689484583478842,246.56453570104946
32.29160518714836,11.209752007873883,34.52372872637754,3.7717702625570033,206.23517437431838
33.51887694865769,12.984416814638886,39.355874683440675,4.058603731171761,193.88837990192644
32.9510748868477,11.675555353878769,37.14347490247373,3.0980003121389497,145.49917265175745
34.43429244662148,13.372516279941108,37.855146748313345,2.238654947505787,117.25031196833032
33.14849594326065,11.259160313331744,38.53116852891042,2.779863393256308,130.2587749420035
33.19539228990044,12.306893578446182,38.304799487646505,4.789230552321845,238.1388753235758
32.52730412412199,11.081118241414266,39.13512290742246,1.0719674431487793,95.59280794076928
32.92597068916261,14.359664040550728,37.30322180708825,1.5803632025345813,74.07764611180914
33.400142299559676,10.693641739067536,38.82096927708173,1.2300132101087637,54.33385746501375
30.776781089546386,12.34080278124973,37.58472531586573,1.2036440115948506,47.23136446703934
31.247358951262573,12.697154569025308,39.182096769420006,5.277302920055036,278.74898543275054
33.96624332222953,12.455179007196648,38.98458797442088,4.518289296900118,222.28998138064384
33.222125069566324,11.79618357523452,36.50329807672865,3.370869145436626,155.5559965054028
32.76082166274152,11.857197230293231,39.73757138588005,1.4891708032550075,100.88462080821063
33.02396411298501,12.048192619177021,37.14245848781752,3.4580793755841617,201.2960288694808
33.45185621697017,11.838297798208663,39.29289247724983,3.3673588539028283,156.3594713803673
32.29831241559783,13.060267028474401,38.58765970144214,1.866009349550076,55.96966845029148
31.988203856976995,14.431575301750486,40.941093882872195,3.169258246189865,178.6131861062317
33.254598831626986,11.386759036491384,37.642454428205035,2.9925236719868673,135.93358708414328
31.72811538910046,10.493216722463014,37.44109312621089,4.079250490261082,219.7750364963095
33.530728582428814,11.902889746813619,37.968928630579626,4.175468254338218,169.37133636267419
30.786641314490808,14.83768027141975,37.514912347465156,1.2265200488602226,79.17794920899732
34.337902328523334,11.115957975233297,39.27990704310728,2.8730630731323563,119.42971507100218
33.61437672713696,13.803028485988474,35.41390302650146,4.129299578571182,221.08026130988958
33.33283865460804,13.845470895484084,36.314108129365835,3.5156812929004384,176.0695260017506
34.27749827912917,11.391052934121205,36.29151532547329,5.282449205941611,245.0436719091477
35.16511677780135,12.625881387103803,39.52049214715772,4.293468158094726,206.53268164620067
34.31868108452357,13.791236285441393,40.73698139613108,1.8146721354071484,104.45997590949145
30.60686349926886,11.582959484913765,37.832881250340044,1.352843737002149,69.76007591241213
31.33654994324359,11.776061603887403,37.72988524289598,4.212096391031578,222.29307916102857
32.187735848995615,11.360150994656491,38.11208346098109,1.1325565527081092,96.15663932571516
33.03391836527408,10.883767596237846,39.85900528417311,3.9288779063673163,165.15906308414478
33.67295672660986,11.285794700427392,36.51623498529508,5.701151207124788,317.40181185561187
32.0565330429005,10.653665706561517,38.381390372375655,3.877370889379395,195.95566321943403
33.242796793820204,12.037491815085149,39.56031620765189,2.9408496310326093,129.0668005851679
32.01800218794068,11.153029445835493,38.801750671903754,4.216441092211766,184.2157820958085
32.205026856110464,12.257164502969822,38.30333058655799,3.2912644524575834,160.78081480733852
31.17134057409731,10.28851478917601,39.60167374810742,3.728083946579675,204.83719956747294
31.799796780055825,12.363968255435903,33.67482833120122,5.707324043882625,282.8152197865806
31.242810012698765,12.916881857769818,39.084600511249455,2.930513189003871,176.7487580551405
31.731364771129467,9.806890793171398,36.953478906996125,5.805952819119571,261.27412715494734
34.369734335590195,12.41146222683233,35.070987365029666,5.526753209780319,276.09588153209484
31.765781444518474,13.350435891720622,38.81792415923997,1.9789556739464822,73.89991480906173
36.42209668428861,10.669394879439674,40.197853672260734,1.3468065043758273,74.61296287129072
33.64131327114516,13.839829625521475,37.78008237659569,1.5038900068871333,92.93224814630267
33.24028696080334,12.460920910302649,39.5245992755247,1.0911091282577488,46.14022053926637
31.88413488576442,11.22448695866575,40.579645212781834,1.472214803779642,21.526463056439425
33.91040284323169,11.938654014576523,40.10386312573448,4.415033867081784,224.7306562900191
32.25167082589089,12.614159603773894,40.62394324699423,1.3559432423011448,76.53193314972744
33.15861275903897,12.083605930553652,39.18740398571503,2.5948781514688064,137.82980267267428
36.328109899749435,12.592631591691006,38.12069382224255,5.2243765548472725,285.93447157880667
32.87512213035796,10.987259047612698,35.43685470096453,1.1163596786791294,34.396910340975495
34.49405532417138,12.186296906439686,37.60630001899208,5.072342412944679,267.22144275624294
32.08587064733635,10.444914053404522,36.65080544749409,2.409273873867,144.3138439429095
32.95451496235395,11.877651332516429,41.4735083479965,1.5908241381082813,43.969455225283724
35.30204082632616,11.00570159438873,37.718582700108264,4.483685826820754,230.57732785941724
32.184942824875904,11.190917063151257,38.197127690855176,4.144714233899419,197.15211507481754
35.35618312539601,13.359702492731481,38.882376601664745,5.387360067635265,267.7375499197303
33.92007751609212,13.200441132653696,38.069763914195924,4.675355219019429,240.72129062173818
32.26879319133745,12.670051932997895,40.71208166468921,5.017404651924243,241.1256613139411
33.822130060772174,10.798455958860163,37.003761021224875,2.410172862856532,106.99448155959438
34.26432078451475,11.651950705335718,38.311371928379586,1.887197718898614,95.0429342946912
33.80835295088236,13.334407469977101,36.812047062883124,4.753073758204292,215.90876913295853
30.958707864142408,12.155888605003895,35.88796398204687,5.03417369633632,229.9921822391123
32.05472167142767,14.551262493979864,37.02116945455154,5.952525710003367,311.21375115929845
32.67822577378304,12.432649623333809,37.94074112472254,3.0630883845571324,130.1785385246835
32.90323654216994,12.211254028139034,37.31311644077238,2.860090428963916,156.33077146638
33.80687372681588,11.659971889377248,36.89212643220183,4.882064803709984,253.3550660425782
33.23101130121323,12.14689499526051,35.74989205812506,2.704017701265089,100.68475048744251
31.26405233367687,11.832283179981403,37.86703108379409,5.653786628017824,269.1380383541781
33.49425720630775,12.77891954435745,35.592447401550395,5.2920637592150594,288.4853760217004
33.79376146886897,13.052372548474043,39.216089541903365,3.1449701368750915,137.62519622096093
33.72772758231035,11.135411593441255,38.131903604695204,4.754355338957486,228.42968170168655
34.405014943221005,10.535643751086443,35.667917600856114,4.772714370423412,247.8769363862085
34.08409880091357,9.980174089586374,37.50526547672022,1.515619344179663,91.44877739463507
33.59693410299697,12.558790459603799,36.79654975105507,5.512764533397833,270.60744894900176
32.90878457510376,10.786296733208738,38.51067921667069,3.5262618622392856,164.36288921813147
30.84075078642921,9.631820347752269,40.14472071363703,5.132287330538708,285.06176376090554
33.55850368487236,12.42743646498406,34.99972404856681,2.600248005153059,164.79039353360454
33.26999399331204,14.74229946917607,38.18404172663587,5.477616142481002,293.45796813968605
33.35305248835399,11.993321997306117,37.743787527093374,2.9460083936708155,149.00678253484125
31.3402268514336,12.922339851896806,39.074144122320746,1.0541882574014918,36.54409843725606
31.59462649746926,12.090012294402321,38.3411146051803,5.5269098820963185,259.7366059736846
34.369098709332775,11.891221381489743,36.79684906921789,1.4564333839306678,83.27195130184855
32.94857829998635,13.010984131286545,37.48951370293341,2.5965681879520743,138.19637381537737
33.88595090658441,11.680698001392484,36.726358629114415,5.750309835254025,315.54746362162984
33.0368138889696,12.294131545479093,39.72161142175776,5.7530357346877805,300.6607885851118
33.03868298134447,12.353867586815616,38.034098637875104,3.8671894406164307,163.2978659956252
34.2197689477688,11.265100500992647,41.04190509720481,4.159186060848996,228.99825539690818
32.32914185331742,13.091246584490175,37.902942697896606,3.2422276098915987,142.15016794829168
33.12495701002328,11.80754426763505,36.86654917294326,2.466053858490323,115.62326748546911
32.39904212468345,11.16868032455787,35.57805697181948,2.64332272684958,137.1701404675129
32.43515490433799,12.590160827927445,35.114976517990485,4.362592280385192,258.04296381493884
32.598076239490766,11.01168522002986,35.465382491191214,4.7618726471884,300.29200347952724
33.288773903123825,12.03099927310604,38.42740264161837,4.957895218629242,260.02922211418576
32.37762679183748,11.989969103691376,38.813960037167895,4.9480907139727694,243.74060332423073
34.63248296324558,13.194485122414736,35.47009487674859,1.4560305152434518,83.4916387317836
31.837010507114645,12.522168056167947,39.43206130252179,3.472101523512907,191.3581846931221
32.757066862590236,11.972470345380342,37.227102317306496,1.2877938000832214,57.97633749301723
32.42834962424357,12.899542929120315,38.23486881917688,3.7476444116186776,223.28644769918031
34.881071249659854,13.529228303919044,40.57955300520868,3.207652506866885,164.98404052717228
33.255521209465044,12.61359133698705,39.43494290538485,5.438520913791499,281.88090747140285
34.34139790130923,12.01138788182772,37.57035096335067,2.7545750627603933,151.0472381791089
31.068771515051935,10.556980144414824,36.57409243933554,1.5853350821380294,87.69848631919058
33.34716534563004,10.82837497061709,34.55709535787311,1.7149584102641793,102.52673052260121
34.15652003431047,11.664252825209866,36.84935468921213,4.807553158587361,228.0325941984296
33.10696918605805,11.329536577624788,37.66219161787569,4.0910903165813055,193.38848075014468
34.38512448758496,11.794331566716009,36.420512756558104,1.5056133806139513,53.27758437126367
32.327525014869515,12.062314917386818,37.789988852652314,1.4205340305749872,79.81672614115388
34.83215167224125,12.582662029792404,38.122963012734026,4.5048456572956,240.82101293502225
35.98856756070502,11.922451344135,37.64023042910708,1.3638150318209676,77.3462089140861
32.52830987142844,12.535151808208822,36.95999587068246,5.1093002964517815,288.95486348953983
32.42084672217899,12.070921856291132,38.26984747514676,4.531211135782481,226.44863641254312
34.88939982025301,9.826986777010742,38.70710503931105,1.4067439032094988,83.7120282723252
35.05344378944993,10.96673106679937,36.255361476091444,1.4241885704259596,49.3754109985117
32.320281964700754,11.841503688706222,40.25749180759403,5.933197892505877,288.91790057580585
32.45375713777538,10.669335782874782,37.84225898834518,2.8713539787806015,157.47845409034562
32.63368000848134,12.659921602995825,38.03015939671176,2.8532107353344545,159.6425789815856
31.252214335655438,13.683825915578067,39.13314307721049,5.063997836287513,247.32055286109198
31.805752469570542,13.340638036867048,38.373145810021605,5.736242886919293,285.38015930880334
31.694617003222312,11.765212841976771,39.52501861426119,5.930005319114354,266.1427910221015
32.00186316536463,13.639798750534947,38.45939866432292,4.766890926294709,231.20396229860324
32.954909646397184,12.163534202922323,37.0201002005753,2.881297927654579,161.87255965312465
33.304479152297475,11.629205431770156,38.57840564032976,1.4175035834933438,82.37927949679852
35.0156506406583,11.325257070104966,36.17003806828694,4.885734579637184,254.30004340948338
31.70213974703957,11.667283344863058,38.17369552924244,3.792021248679025,190.59653617757047
34.27961911801956,11.573005499604648,37.94683201496886,3.1211100462348815,156.1967654843076
32.72181450250684,12.187457844613036,37.66701302836394,5.53177192547368,263.38217348421506
32.935697177451836,12.176631379154852,37.79433998169771,1.5559874115307566,91.77593898058852
33.87726533981658,12.003350622168757,34.989041527203774,3.4631255214542955,181.57573496050256
31.540461371969013,12.480631986720985,37.12204014761446,1.0567682238370955,62.67878815171076
33.497132670039264,13.309710902264975,38.148551841825785,3.3433032099706312,156.64446364517994
33.216387870676975,13.044509548985456,38.25577022719584,1.2815163784091868,21.008960523034453
33.64018664321059,10.366612234705105,36.35571977451847,1.5940895813403597,101.6475333020919
33.37591923708016,9.19068675160785,40.02513254538352,1.5876312338855243,69.80481257410813
36.19189018188416,13.027751902363201,36.6141202428568,4.246051510580318,195.0470602481535
32.17093802047329,10.496433431743037,39.55113152084278,4.730224396327117,250.3807980546357
32.309703958497636,11.752758057918047,38.6835109789947,3.916843825485798,188.0019384759073
32.189917315647804,10.712875671334704,36.96603630424992,5.810862742372709,311.7418647995679
32.27787974509167,10.017821518661979,40.84049742817522,2.8743528976185204,156.05776387246
32.17139673450153,12.595609001025267,36.09018106918963,2.428560431409304,135.09940803447475
34.54572149043982,12.835070676332911,39.470646677776,5.342995640947302,239.8306678233544
34.84665552238681,11.365838559200608,39.600931708868764,2.117979192597263,130.13783933759117
32.25802981812568,9.1498534786406,36.92700766547737,5.816112697203057,296.03064548482996
31.917937754964502,11.399131106922269,40.22794448010293,1.0607723734490817,45.65307588753002
33.61284022330233,12.430984405942802,37.599925576641674,5.849394133538195,295.3374760237548
32.28211004243474,10.373197274348458,38.46190980684777,1.2157995597528806,25.265273329677633
33.82281136308217,12.20169591175707,38.416514942033956,5.455715568490356,280.9588346541312
33.26379992710669,11.983159165909704,37.78510601364712,3.6385055454314994,161.33784710793353
31.029532650503597,12.637220649561197,39.297293237055655,5.964823980596502,271.1877933129544
35.01175676172908,12.131538405255569,39.26958195288354,1.3689828236769943,38.0019574594919
35.33464097502418,10.929624165030289,35.20234884281891,3.7692714220066037,210.71733860012867
32.2033747023703,13.31622865183094,40.08694438860505,5.846512678095495,279.74036603091895
32.49598797208322,11.825617469670332,35.34001281914292,3.615489220850744,211.4490152408672
33.37162500794238,11.969965006539075,39.65207392694665,4.146993190676312,196.63363027276966
33.43479382698313,10.973405245019485,39.80272821892413,4.478743444923086,189.79001309429535
33.85610755447468,11.512389523689338,36.254453711655685,3.272705323838866,141.30477739297012
35.61326590039626,11.026717014570409,37.342697139272666,4.137790400420317,231.60575242115465
32.769968604257734,11.809759334084236,36.2308725304225,3.921571559615501,192.96061442204171
31.96221358210001,13.882879328156578,37.65612635153802,5.505790052454945,264.3237566929352
31.206885003581114,10.490908742775508,37.507145145302815,1.2272319017072895,64.56195960242023
32.049790948075504,10.225082462335585,39.24745685163094,2.4048159479611515,130.27645212140848
32.956934935264066,13.61828736024297,40.09649399379137,5.752057420382794,309.9508473371889
35.332925222573124,11.769743955132947,40.23309409726393,5.4513189194545815,301.5359305705876
32.32710531125298,11.264019987474091,37.10053115747472,3.278283763928565,156.71881528064654
33.29092433713057,13.143895156135684,37.66524500200875,4.100662989007684,178.5121957287434
32.97865023510542,11.33382290628945,35.30649889244648,2.3869059149056633,111.07599252281764
34.54491125548251,14.00861068490163,36.710607893606095,1.9406057986188066,102.23590006259805
36.285012153635705,12.745718458473196,39.54376261295593,3.3184920246999106,146.6494227107833
32.309870595203584,11.463297451039727,40.584932517677174,2.766761140130264,119.19503870861234
32.363728724726315,14.373039034592054,36.02504180499213,3.9182805592543604,202.78978559371572
34.357409140189795,11.333713584696328,37.052057185355366,1.388673184824924,68.46061220983718
33.8864589365142,12.816304909210238,37.95775078886572,5.8719740383308325,294.2546418247734
35.40071952345684,12.329221838447141,38.44825785411137,5.931053722398015,281.38277942589934
